{"Cross Validation Scores": [0.6118143459915611, 0.6313559322033898, 0.5677966101694916, 0.7245762711864406, 0.635593220338983], "Cross Validation Mean": 0.6342272759779732}