{"Cross Validation Scores": [0.4767932489451477, 0.5720338983050848, 0.5889830508474576, 0.6610169491525424, 0.6313559322033898], "Cross Validation Mean": 0.5860366158907244}
